Customer ID,,,,Age
100000001,,,,21
400000002,,,,34
100000003,,,,46
300000004,,,,32
100000005,,,,38
300000006,,,,30
100000007,,,,34
200000008,,,,48
300000009,,,,33
100000010,,,,42
100000011,,,,40
100000012,,,,39
100000013,,,,24
200000014,,,,46
300000015,,,,36
100000016,,,,42
200000017,,,,31
200000018,,,,42
100000019,,,,40
100000020,,,,46
300000021,,,,37
200000022,,,,58
300000023,,,,41
200000024,,,,52
100000025,,,,38
200000026,,,,55
400000027,,,,37
100000028,,,,33
200000029,,,,50
100000030,,,,42
100000031,,,,25
300000032,,,,30
200000033,,,,58
100000034,,,,26
100000035,,,,34
100000036,,,,36
100000037,,,,33
100000038,,,,31
200000039,,,,35
200000040,,,,59
100000041,,,,27
100000042,,,,35
200000043,,,,49
400000044,,,,22
100000045,,,,53
200000046,,,,47
200000047,,,,32
400000048,,,,19
100000049,,,,27
100000050,,,,39
100000051,,,,29
100000052,,,,31
100000053,,,,37
100000054,,,,32
100000055,,,,24
100000056,,,,40
100000057,,,,33
100000058,,,,44
100000059,,,,39
100000060,,,,47
100000061,,,,35
100000062,,,,47
100000063,,,,47
100000064,,,,39
200000065,,,,50
200000066,,,,43
200000067,,,,47
200000068,,,,61
200000069,,,,53
200000070,,,,45
200000071,,,,49
200000072,,,,51
300000073,,,,36
300000074,,,,45
400000075,,,,30
200000076,,,,44
100000077,,,,38
100000078,,,,36
300000079,,,,23
100000080,,,,34
100000081,,,,36
100000082,,,,20
100000083,,,,31
100000084,,,,42
100000085,,,,38
100000086,,,,39
100000087,,,,41
100000088,,,,24
100000089,,,,24
100000090,,,,35
100000091,,,,35
100000092,,,,26
100000093,,,,23
100000094,,,,38
100000095,,,,30
100000096,,,,28
100000097,,,,38
100000098,,,,36
200000099,,,,40
200000100,,,,56
200000101,,,,51
200000102,,,,44
200000103,,,,55
200000104,,,,57
200000105,,,,48
200000106,,,,54
200000107,,,,36
200000108,,,,48
200000109,,,,63
200000110,,,,63
300000111,,,,25
300000112,,,,26
400000113,,,,29
400000114,,,,18
400000115,,,,43
100000116,,,,36
100000117,,,,40
200000118,,,,52
100000119,,,,18
100000120,,,,31
100000121,,,,37
100000122,,,,25
100000123,,,,50
100000124,,,,39
100000125,,,,27
100000126,,,,42
100000127,,,,27
100000128,,,,41
100000129,,,,47
100000130,,,,27
100000131,,,,41
100000132,,,,20
100000133,,,,38
100000134,,,,34
100000135,,,,42
100000136,,,,26
100000137,,,,43
100000138,,,,37
100000139,,,,40
200000140,,,,57
100000141,,,,45
100000142,,,,23
100000143,,,,45
100000144,,,,26
100000145,,,,37
100000146,,,,41
100000147,,,,33
100000148,,,,37
100000149,,,,33
100000150,,,,29
100000151,,,,33
100000152,,,,32
100000153,,,,36
100000154,,,,46
100000155,,,,33
100000156,,,,24
100000157,,,,32
100000158,,,,26
100000159,,,,30
100000160,,,,38
100000161,,,,42
100000162,,,,36
100000163,,,,39
200000164,,,,59
200000165,,,,52
200000166,,,,51
300000167,,,,24
300000168,,,,30
100000169,,,,39
100000170,,,,32
100000171,,,,38
100000172,,,,42
100000173,,,,26
100000174,,,,31
100000175,,,,31
100000176,,,,25
100000177,,,,35
100000178,,,,33
100000179,,,,24
400000180,,,,29
100000181,,,,32
100000182,,,,36
100000183,,,,31
100000184,,,,33
100000185,,,,40
200000186,,,,51
100000187,,,,46
100000188,,,,29
100000189,,,,40
100000190,,,,25
200000191,,,,51
100000192,,,,39
100000193,,,,44
100000194,,,,40
100000195,,,,35
100000196,,,,32
100000197,,,,38
100000198,,,,29
100000199,,,,31
100000200,,,,47
100000201,,,,34
100000202,,,,37
100000203,,,,40
100000204,,,,26
100000205,,,,25
100000206,,,,36
100000207,,,,41
100000208,,,,39
100000209,,,,39
200000210,,,,44
100000211,,,,39
100000212,,,,34
100000213,,,,29
100000214,,,,21
100000215,,,,39
100000216,,,,38
100000217,,,,28
100000218,,,,29
100000219,,,,25
100000220,,,,38
100000221,,,,45
100000222,,,,33
100000223,,,,32
100000224,,,,43
100000225,,,,31
100000226,,,,40
100000227,,,,29
100000228,,,,37
100000229,,,,36
100000230,,,,42
100000231,,,,45
100000232,,,,41
100000233,,,,42
100000234,,,,42
100000235,,,,40
100000236,,,,43
100000237,,,,43
300000238,,,,27
100000239,,,,35
100000240,,,,32
100000241,,,,43
100000242,,,,34
100000243,,,,47
100000244,,,,39
100000245,,,,31
100000246,,,,30
100000247,,,,33
100000248,,,,37
100000249,,,,43
100000250,,,,30
100000251,,,,33
100000252,,,,30
100000253,,,,29
100000254,,,,34
100000255,,,,36
200000256,,,,46
200000257,,,,36
200000258,,,,54
200000259,,,,50
200000260,,,,45
200000261,,,,47
200000262,,,,59
200000263,,,,41
200000264,,,,48
200000265,,,,52
200000266,,,,28
200000267,,,,55
300000268,,,,28
300000269,,,,42
300000270,,,,63
300000271,,,,30
400000272,,,,25
100000273,,,,41
100000274,,,,34
100000275,,,,42
100000276,,,,30
100000277,,,,37
100000278,,,,30
100000279,,,,42
100000280,,,,31
100000281,,,,37
100000282,,,,29
100000283,,,,34
100000284,,,,30
100000285,,,,34
100000286,,,,31
100000287,,,,41
100000288,,,,37
100000289,,,,32
100000290,,,,40
100000291,,,,21
100000292,,,,40
100000293,,,,45
100000294,,,,27
200000295,,,,45
100000296,,,,31
100000297,,,,33
100000298,,,,26
100000299,,,,40
200000300,,,,53
200000301,,,,41
300000302,,,,30
100000303,,,,42
100000304,,,,42
100000305,,,,29
100000306,,,,32
100000307,,,,33
100000308,,,,43
100000309,,,,30
100000310,,,,33
100000311,,,,30
100000312,,,,45
100000313,,,,40
100000314,,,,31
100000315,,,,27
100000316,,,,37
100000317,,,,35
100000318,,,,43
100000319,,,,30
100000320,,,,34
100000321,,,,43
100000322,,,,30
100000323,,,,21
100000324,,,,54
100000325,,,,35
100000326,,,,42
100000327,,,,40
100000328,,,,34
100000329,,,,37
100000330,,,,31
100000331,,,,44
100000332,,,,34
200000333,,,,54
100000334,,,,33
100000335,,,,42
100000336,,,,36
100000337,,,,22
100000338,,,,42
200000339,,,,58
300000340,,,,20
100000341,,,,29
100000342,,,,38
100000343,,,,33
100000344,,,,35
100000345,,,,36
100000346,,,,31
200000347,,,,56
200000348,,,,51
200000349,,,,55
200000350,,,,61
300000351,,,,38
200000352,,,,51
200000353,,,,58
200000354,,,,42
200000355,,,,46
200000356,,,,42
300000357,,,,27
300000358,,,,28
400000359,,,,17
100000360,,,,44
200000361,,,,45
200000362,,,,52
200000363,,,,45
300000364,,,,34
300000365,,,,28
300000366,,,,35
300000367,,,,32
400000368,,,,31
100000369,,,,38
200000370,,,,62
200000371,,,,44
200000372,,,,54
200000373,,,,39
300000374,,,,19
300000375,,,,44
400000376,,,,28
100000377,,,,49
100000378,,,,18
100000379,,,,38
100000380,,,,39
100000381,,,,41
100000382,,,,45
100000383,,,,32
200000384,,,,42
200000385,,,,41
200000386,,,,51
200000387,,,,56
200000388,,,,58
200000389,,,,38
200000390,,,,46
200000391,,,,61
300000392,,,,44
300000393,,,,34
300000394,,,,42
300000395,,,,32
400000396,,,,32
400000397,,,,36
400000398,,,,37
400000399,,,,23
100000400,,,,35
100000401,,,,41
100000402,,,,32
100000403,,,,39
100000404,,,,38
100000405,,,,36
200000406,,,,39
200000407,,,,48
200000408,,,,55
300000409,,,,45
300000410,,,,32
300000411,,,,38
100000412,,,,18
100000413,,,,24
200000414,,,,45
200000415,,,,45
200000416,,,,46
200000417,,,,37
300000418,,,,44
400000419,,,,25
100000420,,,,32
100000421,,,,30
100000422,,,,35
100000423,,,,27
200000424,,,,53
200000425,,,,45
200000426,,,,55
300000427,,,,24
300000428,,,,49
300000429,,,,37
300000430,,,,26
400000431,,,,29
400000432,,,,29
400000433,,,,27
400000434,,,,27
100000435,,,,35
100000436,,,,24
100000437,,,,31
200000438,,,,60
300000439,,,,26
300000440,,,,23
400000441,,,,21
400000442,,,,33
100000443,,,,27
100000444,,,,41
100000445,,,,43
100000446,,,,37
200000447,,,,33
200000448,,,,41
400000449,,,,30
400000450,,,,39
100000451,,,,36
100000452,,,,40
100000453,,,,23
100000454,,,,26
100000455,,,,35
100000456,,,,51
200000457,,,,48
200000458,,,,59
200000459,,,,43
200000460,,,,54
200000461,,,,52
200000462,,,,52
200000463,,,,46
200000464,,,,57
200000465,,,,42
300000466,,,,39
300000467,,,,20
300000468,,,,45
300000469,,,,38
400000470,,,,27
400000471,,,,35
400000472,,,,23
400000473,,,,32
400000474,,,,33
100000475,,,,37
100000476,,,,33
100000477,,,,31
100000478,,,,33
200000479,,,,43
200000480,,,,45
200000481,,,,48
200000482,,,,53
200000483,,,,47
200000484,,,,39
200000485,,,,54
200000486,,,,53
300000487,,,,19
400000488,,,,35
100000489,,,,41
200000490,,,,58
200000491,,,,46
200000492,,,,50
200000493,,,,49
300000494,,,,41
300000495,,,,40
300000496,,,,41
400000497,,,,26
100000498,,,,37
100000499,,,,42
100000500,,,,32
100000501,,,,42
100000502,,,,18
200000503,,,,51
200000504,,,,51
200000505,,,,42
200000506,,,,53
200000507,,,,51
200000508,,,,47
300000509,,,,31
300000510,,,,27
300000511,,,,51
300000512,,,,57
400000513,,,,20
400000514,,,,35
400000515,,,,26
400000516,,,,29
400000517,,,,37
100000518,,,,35
100000519,,,,19
100000520,,,,42
100000521,,,,23
200000522,,,,41
200000523,,,,50
300000524,,,,31
300000525,,,,23
300000526,,,,40
300000527,,,,32
300000528,,,,30
300000529,,,,24
300000530,,,,36
300000531,,,,23
200000532,,,,53
200000533,,,,56
200000534,,,,62
200000535,,,,46
200000536,,,,47
200000537,,,,50
200000538,,,,44
300000539,,,,23
400000540,,,,31
400000541,,,,30
100000542,,,,31
100000543,,,,35
100000544,,,,29
100000545,,,,36
100000546,,,,24
100000547,,,,40
200000548,,,,63
200000549,,,,55
300000550,,,,34
300000551,,,,35
300000552,,,,38
300000553,,,,33
400000554,,,,26
400000555,,,,38
400000556,,,,38
400000557,,,,23
100000558,,,,42
100000559,,,,34
100000560,,,,34
100000561,,,,30
100000562,,,,27
100000563,,,,52
100000564,,,,27
100000565,,,,31
100000566,,,,36
100000567,,,,26
100000568,,,,35
100000569,,,,39
100000570,,,,34
100000571,,,,31
100000572,,,,51
100000573,,,,35
100000574,,,,25
100000575,,,,20
100000576,,,,26
100000577,,,,43
100000578,,,,33
200000579,,,,47
200000580,,,,52
200000581,,,,46
200000582,,,,42
200000583,,,,56
200000584,,,,44
200000585,,,,58
200000586,,,,44
200000587,,,,51
200000588,,,,46
200000589,,,,43
200000590,,,,53
200000591,,,,41
300000592,,,,27
300000593,,,,33
300000594,,,,39
300000595,,,,34
300000596,,,,36
300000597,,,,36
300000598,,,,39
300000599,,,,33
400000600,,,,24
400000601,,,,32
400000602,,,,24
100000603,,,,31
100000604,,,,31
100000605,,,,45
100000606,,,,42
200000607,,,,45
200000608,,,,44
200000609,,,,58
200000610,,,,52
300000611,,,,36
300000612,,,,24
300000613,,,,31
300000614,,,,38
300000615,,,,42
100000616,,,,40
100000617,,,,32
100000618,,,,42
200000619,,,,49
200000620,,,,51
200000621,,,,51
200000622,,,,49
200000623,,,,53
300000624,,,,40
400000625,,,,22
100000626,,,,36
100000627,,,,44
100000628,,,,33
200000629,,,,48
200000630,,,,51
200000631,,,,57
200000632,,,,64
300000633,,,,42
300000634,,,,50
300000635,,,,34
300000636,,,,30
300000637,,,,40
400000638,,,,46
400000639,,,,28
100000640,,,,38
100000641,,,,38
100000642,,,,29
100000643,,,,32
200000644,,,,48
200000645,,,,47
200000646,,,,50
200000647,,,,50
200000648,,,,52
200000649,,,,53
300000650,,,,26
300000651,,,,46
300000652,,,,34
400000653,,,,35
400000654,,,,25
100000655,,,,30
100000656,,,,32
100000657,,,,48
200000658,,,,45
200000659,,,,52
200000660,,,,53
200000661,,,,51
200000662,,,,48
200000663,,,,52
200000664,,,,38
200000665,,,,48
300000666,,,,35
300000667,,,,35
300000668,,,,33
200000669,,,,52
200000670,,,,42
200000671,,,,61
200000672,,,,59
200000673,,,,53
200000674,,,,55
300000675,,,,26
400000676,,,,22
100000677,,,,41
100000678,,,,25
100000679,,,,29
100000680,,,,40
200000681,,,,52
200000682,,,,37
200000683,,,,60
200000684,,,,23
300000685,,,,42
300000686,,,,34
300000687,,,,36
300000688,,,,33
300000689,,,,33
400000690,,,,42
400000691,,,,18
400000692,,,,34
100000693,,,,32
100000694,,,,29
100000695,,,,45
200000696,,,,44
200000697,,,,45
200000698,,,,45
200000699,,,,60
200000700,,,,58
200000701,,,,48
300000702,,,,31
300000703,,,,34
300000704,,,,40
300000705,,,,34
400000706,,,,28
100000707,,,,29
100000708,,,,32
100000709,,,,38
100000710,,,,39
200000711,,,,53
200000712,,,,54
200000713,,,,54
200000714,,,,45
200000715,,,,56
200000716,,,,59
300000717,,,,30
300000718,,,,32
300000719,,,,32
400000720,,,,26
400000721,,,,33
100000722,,,,36
100000723,,,,43
100000724,,,,41
200000725,,,,59
200000726,,,,43
200000727,,,,53
200000728,,,,63
300000729,,,,34
300000730,,,,33
300000731,,,,31
300000732,,,,40
300000733,,,,47
300000734,,,,45
300000735,,,,28
300000736,,,,33
400000737,,,,38
400000738,,,,20
400000739,,,,31
400000740,,,,29
400000741,,,,38
100000742,,,,34
100000743,,,,47
100000744,,,,38
100000745,,,,46
100000746,,,,34
200000747,,,,47
200000748,,,,51
200000749,,,,36
200000750,,,,43
200000751,,,,22
300000752,,,,35
300000753,,,,34
400000754,,,,25
400000755,,,,19
400000756,,,,37
400000757,,,,45
400000758,,,,26
400000759,,,,37
100000760,,,,40
100000761,,,,38
200000762,,,,52
200000763,,,,46
200000764,,,,48
200000765,,,,44
200000766,,,,45
300000767,,,,34
300000768,,,,39
400000769,,,,24
400000770,,,,22
100000771,,,,44
100000772,,,,32
100000773,,,,45
200000774,,,,34
200000775,,,,37
300000776,,,,32
300000777,,,,22
300000778,,,,28
300000779,,,,36
400000780,,,,31
100000781,,,,32
100000782,,,,31
100000783,,,,48
200000784,,,,47
200000785,,,,53
300000786,,,,36
300000787,,,,38
100000788,,,,47
100000789,,,,22
100000790,,,,51
200000791,,,,45
200000792,,,,55
200000793,,,,47
300000794,,,,41
400000795,,,,31
100000796,,,,28
100000797,,,,29
100000798,,,,27
200000799,,,,45
200000800,,,,39
200000801,,,,53
200000802,,,,54
200000803,,,,49
200000804,,,,46
200000805,,,,52
100000806,,,,39
100000807,,,,39
100000808,,,,41
100000809,,,,29
200000810,,,,48
200000811,,,,52
300000812,,,,23
300000813,,,,33
300000814,,,,33
300000815,,,,29
100000816,,,,45
100000817,,,,34
100000818,,,,47
200000819,,,,55
200000820,,,,52
200000821,,,,53
300000822,,,,34
100000823,,,,36
100000824,,,,34
100000825,,,,33
100000826,,,,35
100000827,,,,31
200000828,,,,45
400000829,,,,29
400000830,,,,21
100000831,,,,37
100000832,,,,36
200000833,,,,54
200000834,,,,42
100000835,,,,40
100000836,,,,35
400000837,,,,29
100000838,,,,25
100000839,,,,44
100000840,,,,32
100000841,,,,42
200000842,,,,64
200000843,,,,49
200000844,,,,35
300000845,,,,45
100000846,,,,46
100000847,,,,29
100000848,,,,27
100000849,,,,25
100000850,,,,36
100000851,,,,32
300000852,,,,53
100000853,,,,36
100000854,,,,42
200000855,,,,40
200000856,,,,41
300000857,,,,25
100000858,,,,45
100000859,,,,33
100000860,,,,38
100000861,,,,47
100000862,,,,31
200000863,,,,42
200000864,,,,58
200000865,,,,43
200000866,,,,56
100000867,,,,38
100000868,,,,44
100000869,,,,34
100000870,,,,38
100000871,,,,40
100000872,,,,46
100000873,,,,30
100000874,,,,34
100000875,,,,47
100000876,,,,35
100000877,,,,34
100000878,,,,22
100000879,,,,31
100000880,,,,31
100000881,,,,38
100000882,,,,23
100000883,,,,42
100000884,,,,24
100000885,,,,45
200000886,,,,54
200000887,,,,38
300000888,,,,26
100000889,,,,37
100000890,,,,26
100000891,,,,32
100000892,,,,27
100000893,,,,41
100000894,,,,39
100000895,,,,33
200000896,,,,59
200000897,,,,49
100000898,,,,47
100000899,,,,40
100000900,,,,34
100000901,,,,38
100000902,,,,37
200000903,,,,43
200000904,,,,52
300000905,,,,29
100000906,,,,31
100000907,,,,47
100000908,,,,31
200000909,,,,44
200000910,,,,43
200000911,,,,48
200000912,,,,56
300000913,,,,39
400000914,,,,25
400000915,,,,26
400000916,,,,35
100000917,,,,34
100000918,,,,24
100000919,,,,28
100000920,,,,23
100000921,,,,43
100000922,,,,30
100000923,,,,40
200000924,,,,60
100000925,,,,34
100000926,,,,49
100000927,,,,37
100000928,,,,30
100000929,,,,35
100000930,,,,35
100000931,,,,42
100000932,,,,30
100000933,,,,32
100000934,,,,35
100000935,,,,32
100000936,,,,36
100000937,,,,28
200000938,,,,52
200000939,,,,42
200000940,,,,58
200000941,,,,48
200000942,,,,40
200000943,,,,47
200000944,,,,47
200000945,,,,62
200000946,,,,53
200000947,,,,56
200000948,,,,53
200000949,,,,50
200000950,,,,55
300000951,,,,36
300000952,,,,40
300000953,,,,41
300000954,,,,33
400000955,,,,41
400000956,,,,22
100000957,,,,38
100000958,,,,33
100000959,,,,26
100000960,,,,36
200000961,,,,49
200000962,,,,50
200000963,,,,56
200000964,,,,59
200000965,,,,52
300000966,,,,38
300000967,,,,42
100000968,,,,38
100000969,,,,21
100000970,,,,32
100000971,,,,23
100000972,,,,32
100000973,,,,25
200000974,,,,58
200000975,,,,43
200000976,,,,61
200000977,,,,43
300000978,,,,45
300000979,,,,28
100000980,,,,19
100000981,,,,31
100000982,,,,34
200000983,,,,37
200000984,,,,57
200000985,,,,56
200000986,,,,56
200000987,,,,42
400000988,,,,39
100000989,,,,34
100000990,,,,43
100000991,,,,33
200000992,,,,43
300000993,,,,33
300000994,,,,35
100000995,,,,29
100000996,,,,34
100000997,,,,44
100000998,,,,36
200000999,,,,60
400001000,,,,29
400001001,,,,31
100001002,,,,29
100001003,,,,32
100001004,,,,21
100001005,,,,38
100001006,,,,27
100001007,,,,47
300001008,,,,33
300001009,,,,31
300001010,,,,36
100001011,,,,39
100001012,,,,37
100001013,,,,38
100001014,,,,41
100001015,,,,24
100001016,,,,37
100001017,,,,33
100001018,,,,32
200001019,,,,60
200001020,,,,55
200001021,,,,57
400001022,,,,38
100001023,,,,42
100001024,,,,36
100001025,,,,40
100001026,,,,25
100001027,,,,33
100001028,,,,46
100001029,,,,38
200001030,,,,58
200001031,,,,48
200001032,,,,41
300001033,,,,46
300001034,,,,35
400001035,,,,27
100001036,,,,40
100001037,,,,41
100001038,,,,37
100001039,,,,31
100001040,,,,28
100001041,,,,41
200001042,,,,45
200001043,,,,49
200001044,,,,52
200001045,,,,51
200001046,,,,47
300001047,,,,33
300001048,,,,38
100001049,,,,30
100001050,,,,30
100001051,,,,47
200001052,,,,48
200001053,,,,38
100001054,,,,43
100001055,,,,40
100001056,,,,36
100001057,,,,26
100001058,,,,36
200001059,,,,51
200001060,,,,46
200001061,,,,49
200001062,,,,54
300001063,,,,37
300001064,,,,42
100001065,,,,30
100001066,,,,51
100001067,,,,28
100001068,,,,35
200001069,,,,57
200001070,,,,62
200001071,,,,51
400001072,,,,39
100001073,,,,37
100001074,,,,37
100001075,,,,27
100001076,,,,32
200001077,,,,48
200001078,,,,47
300001079,,,,36
300001080,,,,44
300001081,,,,38
400001082,,,,32
100001083,,,,41
100001084,,,,44
100001085,,,,41
200001086,,,,47
200001087,,,,59
200001088,,,,43
100001089,,,,36
100001090,,,,25
100001091,,,,45
100001092,,,,35
100001093,,,,31
100001094,,,,30
100001095,,,,45
100001096,,,,35
100001097,,,,36
100001098,,,,24
200001099,,,,48
200001100,,,,48
200001101,,,,56
200001102,,,,60
200001103,,,,42
300001104,,,,44
300001105,,,,33
100001106,,,,29
100001107,,,,33
100001108,,,,27
100001109,,,,33
100001110,,,,35
100001111,,,,26
100001112,,,,33
100001113,,,,42
100001114,,,,33
200001115,,,,48
200001116,,,,58
200001117,,,,42
200001118,,,,61
300001119,,,,35
300001120,,,,38
100001121,,,,29
100001122,,,,39
100001123,,,,43
100001124,,,,35
100001125,,,,31
100001126,,,,49
200001127,,,,33
200001128,,,,46
200001129,,,,44
300001130,,,,36
300001131,,,,32
100001132,,,,33
100001133,,,,22
100001134,,,,36
100001135,,,,46
200001136,,,,38
200001137,,,,57
200001138,,,,46
300001139,,,,42
400001140,,,,31
100001141,,,,27
100001142,,,,35
100001143,,,,34
100001144,,,,43
100001145,,,,32
200001146,,,,46
200001147,,,,50
200001148,,,,60
200001149,,,,31
200001150,,,,60
300001151,,,,44
100001152,,,,41
100001153,,,,47
100001154,,,,32
100001155,,,,40
100001156,,,,45
100001157,,,,40
100001158,,,,35
100001159,,,,32
200001160,,,,41
200001161,,,,49
200001162,,,,47
200001163,,,,52
200001164,,,,43
300001165,,,,35
100001166,,,,36
100001167,,,,35
100001168,,,,55
100001169,,,,34
100001170,,,,36
100001171,,,,41
100001172,,,,30
100001173,,,,32
100001174,,,,33
100001175,,,,35
100001176,,,,32
100001177,,,,28
100001178,,,,22
200001179,,,,43
200001180,,,,51
200001181,,,,46
200001182,,,,24
200001183,,,,41
300001184,,,,44
300001185,,,,29
300001186,,,,26
400001187,,,,42
100001188,,,,34
100001189,,,,32
100001190,,,,26
100001191,,,,23
100001192,,,,28
100001193,,,,22
100001194,,,,18
100001195,,,,32
100001196,,,,37
100001197,,,,42
200001198,,,,55
200001199,,,,48
200001200,,,,55
200001201,,,,48
200001202,,,,52
300001203,,,,43
300001204,,,,42
300001205,,,,42
100001206,,,,30
100001207,,,,35
100001208,,,,34
100001209,,,,18
100001210,,,,30
100001211,,,,40
100001212,,,,39
100001213,,,,33
200001214,,,,58
200001215,,,,56
300001216,,,,29
300001217,,,,48
300001218,,,,42
400001219,,,,34
100001220,,,,45
100001221,,,,18
100001222,,,,38
100001223,,,,31
100001224,,,,28
100001225,,,,34
100001226,,,,32
100001227,,,,42
100001228,,,,29
200001229,,,,47
200001230,,,,49
200001231,,,,43
200001232,,,,63
300001233,,,,33
400001234,,,,17
100001235,,,,33
100001236,,,,42
100001237,,,,39
100001238,,,,34
100001239,,,,24
100001240,,,,34
100001241,,,,49
100001242,,,,38
100001243,,,,41
100001244,,,,31
200001245,,,,59
200001246,,,,62
200001247,,,,44
100001248,,,,40
100001249,,,,31
100001250,,,,19
200001251,,,,45
200001252,,,,34
200001253,,,,55
300001254,,,,36
300001255,,,,39
300001256,,,,50
100001257,,,,33
100001258,,,,29
200001259,,,,49
200001260,,,,52
200001261,,,,40
300001262,,,,29
300001263,,,,37
300001264,,,,30
100001265,,,,40
100001266,,,,39
100001267,,,,37
100001268,,,,37
100001269,,,,26
100001270,,,,34
200001271,,,,28
200001272,,,,45
200001273,,,,61
100001274,,,,37
100001275,,,,34
100001276,,,,38
100001277,,,,35
100001278,,,,40
100001279,,,,35
100001280,,,,53
100001281,,,,36
200001282,,,,44
200001283,,,,48
300001284,,,,41
300001285,,,,32
300001286,,,,37
100001287,,,,33
100001288,,,,33
100001289,,,,43
100001290,,,,41
100001291,,,,27
100001292,,,,43
100001293,,,,31
100001294,,,,36
200001295,,,,45
200001296,,,,50
400001297,,,,32
100001298,,,,37
100001299,,,,43
100001300,,,,35
100001301,,,,35
100001302,,,,32
100001303,,,,40
100001304,,,,41
100001305,,,,34
100001306,,,,33
100001307,,,,31
100001308,,,,51
100001309,,,,35
100001310,,,,30
100001311,,,,39
100001312,,,,38
100001313,,,,27
100001314,,,,32
100001315,,,,28
100001316,,,,25
100001317,,,,29
100001318,,,,37
100001319,,,,21
100001320,,,,38
100001321,,,,37
100001322,,,,40
100001323,,,,30
100001324,,,,35
100001325,,,,35
200001326,,,,53
200001327,,,,44
200001328,,,,44
200001329,,,,43
200001330,,,,19
200001331,,,,56
200001332,,,,49
200001333,,,,55
200001334,,,,40
200001335,,,,55
300001336,,,,47
300001337,,,,38
300001338,,,,44
300001339,,,,40
300001340,,,,42
300001341,,,,28
400001342,,,,36
400001343,,,,31
400001344,,,,26
100001345,,,,46
100001346,,,,33
100001347,,,,42
100001348,,,,35
100001349,,,,44
200001350,,,,46
200001351,,,,45
200001352,,,,49
300001353,,,,34
300001354,,,,41
400001355,,,,25
100001356,,,,34
100001357,,,,40
100001358,,,,49
100001359,,,,31
100001360,,,,37
200001361,,,,51
100001362,,,,29
100001363,,,,38
100001364,,,,35
100001365,,,,32
100001366,,,,41
100001367,,,,33
100001368,,,,19
100001369,,,,49
100001370,,,,30
100001371,,,,49
100001372,,,,32
100001373,,,,24
200001374,,,,52
200001375,,,,59
200001376,,,,48
200001377,,,,53
200001378,,,,27
200001379,,,,56
400001380,,,,27
100001381,,,,30
100001382,,,,34
100001383,,,,30
100001384,,,,52
100001385,,,,26
100001386,,,,45
100001387,,,,31
100001388,,,,38
200001389,,,,55
200001390,,,,54
200001391,,,,44
300001392,,,,35
400001393,,,,21
100001394,,,,31
100001395,,,,39
100001396,,,,32
100001397,,,,36
100001398,,,,34
100001399,,,,34
100001400,,,,41
100001401,,,,29
200001402,,,,48
200001403,,,,39
200001404,,,,32
200001405,,,,52
200001406,,,,49
200001407,,,,55
300001408,,,,40
300001409,,,,39
300001410,,,,43
300001411,,,,38
300001412,,,,35
400001413,,,,52
100001414,,,,29
100001415,,,,30
100001416,,,,44
100001417,,,,37
100001418,,,,41
100001419,,,,43
100001420,,,,38
100001421,,,,38
100001422,,,,29
200001423,,,,50
200001424,,,,42
300001425,,,,28
400001426,,,,17
100001427,,,,35
100001428,,,,38
100001429,,,,32
100001430,,,,40
100001431,,,,32
100001432,,,,27
100001433,,,,38
100001434,,,,31
200001435,,,,51
200001436,,,,56
200001437,,,,48
200001438,,,,60
200001439,,,,59
200001440,,,,50
200001441,,,,51
300001442,,,,46
300001443,,,,43
300001444,,,,29
100001445,,,,28
100001446,,,,36
100001447,,,,43
100001448,,,,27
100001449,,,,27
200001450,,,,52
200001451,,,,53
200001452,,,,47
200001453,,,,53
200001454,,,,59
200001455,,,,59
300001456,,,,40
400001457,,,,37
100001458,,,,30
100001459,,,,37
100001460,,,,34
100001461,,,,30
100001462,,,,39
200001463,,,,38
200001464,,,,43
300001465,,,,34
300001466,,,,34
400001467,,,,23
400001468,,,,30
100001469,,,,39
100001470,,,,43
100001471,,,,29
100001472,,,,28
100001473,,,,38
100001474,,,,23
100001475,,,,36
200001476,,,,46
200001477,,,,44
200001478,,,,46
200001479,,,,60
300001480,,,,46
300001481,,,,29
100001482,,,,31
100001483,,,,25
100001484,,,,41
100001485,,,,33
200001486,,,,43
200001487,,,,58
200001488,,,,56
200001489,,,,53
300001490,,,,43
100001491,,,,36
100001492,,,,27
100001493,,,,27
100001494,,,,31
100001495,,,,36
100001496,,,,31
100001497,,,,35
100001498,,,,32
200001499,,,,64
200001500,,,,57
200001501,,,,45
200001502,,,,57
400001503,,,,33
100001504,,,,34
100001505,,,,36
100001506,,,,38
100001507,,,,28
100001508,,,,27
100001509,,,,26
200001510,,,,49
200001511,,,,45
200001512,,,,43
300001513,,,,44
100001514,,,,30
100001515,,,,36
100001516,,,,31
200001517,,,,53
200001518,,,,51
200001519,,,,38
300001520,,,,47
400001521,,,,28
400001522,,,,35
400001523,,,,18
100001524,,,,36
100001525,,,,23
100001526,,,,48
100001527,,,,47
300001528,,,,27
300001529,,,,43
300001530,,,,45
400001531,,,,31
100001532,,,,51
100001533,,,,39
100001534,,,,37
100001535,,,,39
100001536,,,,45
100001537,,,,26
300001538,,,,47
300001539,,,,37
100001540,,,,33
100001541,,,,30
100001542,,,,30
100001543,,,,26
100001544,,,,25
100001545,,,,30
100001546,,,,37
100001547,,,,38
100001548,,,,35
200001549,,,,55
200001550,,,,50
400001551,,,,36
100001552,,,,36
100001553,,,,44
100001554,,,,34
100001555,,,,47
100001556,,,,25
100001557,,,,29
100001558,,,,37
100001559,,,,46
100001560,,,,35
200001561,,,,52
200001562,,,,58
300001563,,,,49
100001564,,,,24
100001565,,,,39
100001566,,,,40
200001567,,,,48
200001568,,,,36
200001569,,,,58
200001570,,,,38
200001571,,,,52
200001572,,,,60
200001573,,,,31
200001574,,,,56
300001575,,,,33
300001576,,,,41
300001577,,,,38
400001578,,,,34
100001579,,,,43
100001580,,,,36
100001581,,,,40
100001582,,,,43
100001583,,,,36
100001584,,,,33
200001585,,,,42
200001586,,,,54
200001587,,,,64
300001588,,,,42
300001589,,,,37
300001590,,,,21
300001591,,,,28
100001592,,,,32
100001593,,,,36
100001594,,,,47
100001595,,,,40
100001596,,,,29
200001597,,,,45
200001598,,,,51
300001599,,,,29
400001600,,,,39
100001601,,,,40
100001602,,,,39
100001603,,,,42
100001604,,,,37
100001605,,,,27
100001606,,,,36
100001607,,,,33
100001608,,,,39
200001609,,,,64
200001610,,,,44
200001611,,,,26
200001612,,,,61
200001613,,,,55
300001614,,,,29
100001615,,,,32
100001616,,,,25
100001617,,,,36
100001618,,,,26
100001619,,,,28
100001620,,,,41
100001621,,,,29
200001622,,,,51
200001623,,,,55
200001624,,,,51
200001625,,,,51
300001626,,,,37
300001627,,,,45
300001628,,,,45
300001629,,,,36
400001630,,,,28
100001631,,,,28
100001632,,,,28
100001633,,,,34
100001634,,,,28
100001635,,,,34
100001636,,,,23
100001637,,,,26
200001638,,,,63
200001639,,,,57
200001640,,,,64
300001641,,,,28
300001642,,,,41
100001643,,,,40
100001644,,,,41
100001645,,,,44
100001646,,,,31
100001647,,,,24
200001648,,,,41
200001649,,,,55
200001650,,,,34
300001651,,,,21
300001652,,,,39
100001653,,,,35
100001654,,,,18
100001655,,,,40
100001656,,,,38
100001657,,,,30
100001658,,,,39
100001659,,,,33
100001660,,,,40
100001661,,,,26
200001662,,,,46
200001663,,,,56
200001664,,,,33
200001665,,,,43
400001666,,,,35
100001667,,,,56
200001668,,,,62
200001669,,,,47
200001670,,,,45
400001671,,,,17
100001672,,,,45
100001673,,,,39
100001674,,,,46
100001675,,,,42
100001676,,,,27
200001677,,,,56
200001678,,,,47
200001679,,,,61
300001680,,,,33
300001681,,,,29
400001682,,,,31
400001683,,,,24
100001684,,,,30
100001685,,,,44
100001686,,,,36
100001687,,,,34
100001688,,,,31
100001689,,,,32
100001690,,,,48
100001691,,,,33
200001692,,,,58
200001693,,,,48
200001694,,,,47
200001695,,,,55
300001696,,,,38
300001697,,,,33
300001698,,,,38
300001699,,,,33
300001700,,,,37
400001701,,,,41
100001702,,,,52
100001703,,,,29
100001704,,,,28
100001705,,,,43
100001706,,,,43
100001707,,,,41
200001708,,,,51
200001709,,,,44
200001710,,,,50
200001711,,,,34
200001712,,,,41
100001713,,,,34
100001714,,,,38
100001715,,,,32
100001716,,,,23
100001717,,,,26
100001718,,,,41
100001719,,,,30
100001720,,,,25
100001721,,,,34
100001722,,,,29
100001723,,,,28
100001724,,,,36
100001725,,,,46
100001726,,,,37
100001727,,,,38
100001728,,,,29
100001729,,,,30
100001730,,,,30
100001731,,,,38
100001732,,,,47
200001733,,,,60
200001734,,,,46
200001735,,,,61
200001736,,,,59
200001737,,,,43
200001738,,,,53
200001739,,,,52
300001740,,,,35
300001741,,,,33
300001742,,,,18
300001743,,,,18
300001744,,,,19
300001745,,,,34
300001746,,,,37
300001747,,,,44
300001748,,,,29
300001749,,,,41
300001750,,,,48
300001751,,,,46
400001752,,,,26
400001753,,,,30
400001754,,,,36
100001755,,,,29
100001756,,,,28
100001757,,,,20
100001758,,,,47
100001759,,,,38
100001760,,,,36
100001761,,,,31
200001762,,,,50
200001763,,,,54
200001764,,,,57
200001765,,,,52
200001766,,,,57
300001767,,,,41
400001768,,,,29
400001769,,,,28
100001770,,,,26
100001771,,,,27
100001772,,,,37
100001773,,,,47
100001774,,,,34
200001775,,,,51
200001776,,,,52
200001777,,,,49
200001778,,,,36
300001779,,,,37
300001780,,,,36
400001781,,,,23
100001782,,,,34
100001783,,,,31
100001784,,,,28
100001785,,,,29
100001786,,,,28
100001787,,,,28
100001788,,,,28
100001789,,,,39
100001790,,,,40
200001791,,,,42
200001792,,,,53
300001793,,,,35
400001794,,,,27
400001795,,,,37
100001796,,,,36
100001797,,,,44
100001798,,,,25
100001799,,,,39
100001800,,,,27
100001801,,,,34
100001802,,,,41
100001803,,,,29
100001804,,,,38
100001805,,,,33
100001806,,,,35
200001807,,,,54
200001808,,,,47
200001809,,,,54
200001810,,,,33
200001811,,,,53
300001812,,,,36
300001813,,,,39
400001814,,,,32
400001815,,,,35
400001816,,,,25
400001817,,,,35
400001818,,,,33
100001819,,,,38
100001820,,,,27
100001821,,,,29
100001822,,,,38
100001823,,,,34
100001824,,,,35
100001825,,,,34
200001826,,,,62
200001827,,,,47
200001828,,,,59
200001829,,,,52
300001830,,,,29
100001831,,,,34
100001832,,,,36
100001833,,,,27
100001834,,,,37
100001835,,,,41
200001836,,,,58
200001837,,,,53
200001838,,,,24
300001839,,,,38
300001840,,,,34
300001841,,,,32
300001842,,,,29
300001843,,,,33
300001844,,,,35
400001845,,,,45
100001846,,,,30
100001847,,,,31
100001848,,,,29
100001849,,,,33
100001850,,,,32
100001851,,,,30
100001852,,,,31
100001853,,,,33
100001854,,,,30
300001855,,,,27
300001856,,,,30
300001857,,,,47
300001858,,,,57
100001859,,,,35
100001860,,,,40
100001861,,,,26
100001862,,,,35
100001863,,,,36
100001864,,,,28
100001865,,,,36
200001866,,,,40
200001867,,,,48
200001868,,,,48
200001869,,,,59
200001870,,,,55
200001871,,,,46
300001872,,,,23
300001873,,,,26
300001874,,,,42
100001875,,,,40
100001876,,,,46
100001877,,,,41
100001878,,,,31
100001879,,,,37
100001880,,,,36
100001881,,,,44
100001882,,,,19
100001883,,,,25
200001884,,,,44
300001885,,,,32
300001886,,,,34
100001887,,,,40
100001888,,,,33
100001889,,,,34
200001890,,,,62
200001891,,,,47
200001892,,,,41
300001893,,,,35
100001894,,,,34
100001895,,,,39
100001896,,,,33
100001897,,,,36
100001898,,,,32
100001899,,,,24
200001900,,,,50
200001901,,,,50
200001902,,,,60
200001903,,,,43
200001904,,,,50
200001905,,,,59
400001906,,,,28
100001907,,,,43
100001908,,,,33
100001909,,,,36
100001910,,,,38
200001911,,,,55
200001912,,,,49
300001913,,,,33
100001914,,,,23
100001915,,,,24
100001916,,,,37
100001917,,,,22
100001918,,,,32
100001919,,,,29
100001920,,,,39
100001921,,,,31
100001922,,,,33
100001923,,,,44
200001924,,,,57
300001925,,,,31
300001926,,,,41
400001927,,,,32
100001928,,,,35
100001929,,,,37
100001930,,,,38
100001931,,,,21
100001932,,,,37
100001933,,,,33
200001934,,,,61
200001935,,,,52
200001936,,,,49
200001937,,,,34
200001938,,,,42
400001939,,,,21
100001940,,,,31
100001941,,,,41
100001942,,,,50
100001943,,,,36
100001944,,,,23
100001945,,,,41
100001946,,,,40
100001947,,,,37
100001948,,,,31
100001949,,,,29
200001950,,,,37
200001951,,,,54
300001952,,,,33
300001953,,,,43
300001954,,,,35
300001955,,,,41
300001956,,,,24
400001957,,,,33
100001958,,,,41
100001959,,,,39
100001960,,,,31
100001961,,,,34
100001962,,,,48
200001963,,,,53
200001964,,,,42
100001965,,,,37
100001966,,,,37
100001967,,,,31
100001968,,,,38
100001969,,,,35
100001970,,,,34
100001971,,,,36
100001972,,,,39
100001973,,,,41
200001974,,,,56
200001975,,,,43
200001976,,,,45
200001977,,,,54
300001978,,,,28
300001979,,,,33
400001980,,,,29
400001981,,,,39
100001982,,,,26
100001983,,,,26
100001984,,,,39
100001985,,,,34
100001986,,,,41
100001987,,,,27
100001988,,,,35
200001989,,,,48
200001990,,,,51
200001991,,,,45
200001992,,,,60
200001993,,,,63
200001994,,,,45
200001995,,,,45
300001996,,,,41
100001997,,,,42
100001998,,,,30
100001999,,,,26
100002000,,,,39
100002001,,,,43
100002002,,,,30
100002003,,,,40
100002004,,,,28
100002005,,,,49
100002006,,,,27
200002007,,,,51
200002008,,,,49
200002009,,,,52
200002010,,,,50
200002011,,,,53
300002012,,,,19
400002013,,,,18
400002014,,,,31
400002015,,,,55
400002016,,,,36
100002017,,,,43
100002018,,,,31
100002019,,,,34
100002020,,,,25
100002021,,,,38
100002022,,,,37
100002023,,,,36
200002024,,,,51
200002025,,,,58
200002026,,,,44
200002027,,,,52
200002028,,,,50
200002029,,,,60
200002030,,,,46
300002031,,,,22
300002032,,,,31
300002033,,,,38
100002034,,,,43
100002035,,,,29
100002036,,,,37
100002037,,,,31
100002038,,,,29
200002039,,,,58
200002040,,,,40
200002041,,,,64
200002042,,,,33
200002043,,,,56
300002044,,,,34
300002045,,,,37
400002046,,,,19
400002047,,,,21
100002048,,,,37
100002049,,,,31
100002050,,,,28
100002051,,,,40
100002052,,,,48
100002053,,,,38
100002054,,,,34
100002055,,,,26
200002056,,,,64
200002057,,,,50
200002058,,,,47
200002059,,,,47
300002060,,,,34
100002061,,,,33
100002062,,,,36
100002063,,,,36
100002064,,,,32
100002065,,,,29
100002066,,,,25
100002067,,,,44
200002068,,,,51
200002069,,,,54
200002070,,,,53
200002071,,,,51
200002072,,,,48
300002073,,,,34
300002074,,,,38
400002075,,,,27
100002076,,,,29
100002077,,,,25
100002078,,,,29
100002079,,,,39
100002080,,,,40
100002081,,,,39
100002082,,,,32
100002083,,,,34
100002084,,,,47
100002085,,,,41
100002086,,,,32
100002087,,,,28
100002088,,,,34
100002089,,,,31
200002090,,,,32
200002091,,,,54
200002092,,,,48
200002093,,,,45
200002094,,,,50
100002095,,,,36
100002096,,,,39
100002097,,,,45
100002098,,,,28
200002099,,,,47
200002100,,,,44
200002101,,,,48
200002102,,,,44
200002103,,,,46
200002104,,,,59
200002105,,,,50
300002106,,,,25
300002107,,,,27
400002108,,,,29
400002109,,,,27
100002110,,,,33
100002111,,,,37
100002112,,,,33
100002113,,,,39
100002114,,,,37
100002115,,,,38
100002116,,,,34
100002117,,,,36
100002118,,,,34
100002119,,,,38
100002120,,,,23
100002121,,,,44
200002122,,,,47
200002123,,,,32
200002124,,,,43
200002125,,,,62
200002126,,,,45
300002127,,,,38
300002128,,,,38
300002129,,,,44
400002130,,,,32
100002131,,,,36
100002132,,,,30
100002133,,,,30
100002134,,,,30
100002135,,,,27
100002136,,,,29
100002137,,,,21
100002138,,,,33
100002139,,,,38
100002140,,,,43
200002141,,,,54
200002142,,,,46
200002143,,,,40
200002144,,,,50
200002145,,,,37
200002146,,,,45
200002147,,,,63
200002148,,,,60
200002149,,,,53
300002150,,,,37
400002151,,,,37
400002152,,,,27
400002153,,,,30
100002154,,,,29
100002155,,,,36
100002156,,,,43
100002157,,,,28
200002158,,,,61
200002159,,,,31
200002160,,,,51
200002161,,,,46
300002162,,,,35
300002163,,,,43
300002164,,,,31
400002165,,,,26
400002166,,,,27
100002167,,,,29
100002168,,,,42
100002169,,,,27
100002170,,,,32
100002171,,,,33
100002172,,,,34
100002173,,,,28
100002174,,,,36
100002175,,,,50
200002176,,,,28
200002177,,,,41
300002178,,,,55
300002179,,,,43
400002180,,,,31
100002181,,,,32
100002182,,,,36
100002183,,,,33
100002184,,,,35
100002185,,,,32
200002186,,,,53
200002187,,,,46
300002188,,,,28
300002189,,,,29
100002190,,,,28
100002191,,,,32
100002192,,,,28
100002193,,,,18
100002194,,,,45
100002195,,,,26
100002196,,,,32
100002197,,,,18
100002198,,,,20
100002199,,,,31
100002200,,,,27
100002201,,,,40
200002202,,,,49
200002203,,,,43
200002204,,,,44
200002205,,,,47
200002206,,,,55
200002207,,,,54
200002208,,,,56
300002209,,,,29
300002210,,,,33
400002211,,,,27
400002212,,,,24
400002213,,,,27
100002214,,,,40
100002215,,,,33
100002216,,,,40
100002217,,,,41
100002218,,,,29
100002219,,,,37
100002220,,,,26
100002221,,,,37
100002222,,,,46
100002223,,,,48
100002224,,,,39
100002225,,,,37
100002226,,,,31
100002227,,,,46
100002228,,,,34
100002229,,,,37
100002230,,,,22
100002231,,,,32
100002232,,,,33
100002233,,,,31
100002234,,,,20
100002235,,,,40
100002236,,,,42
100002237,,,,36
100002238,,,,34
100002239,,,,34
100002240,,,,36
100002241,,,,37
100002242,,,,31
100002243,,,,44
100002244,,,,38
100002245,,,,24
200002246,,,,52
200002247,,,,43
200002248,,,,19
200002249,,,,52
200002250,,,,48
200002251,,,,61
200002252,,,,48
200002253,,,,50
200002254,,,,45
200002255,,,,39
200002256,,,,58
200002257,,,,51
200002258,,,,50
200002259,,,,42
200002260,,,,43
200002261,,,,50
200002262,,,,50
200002263,,,,61
200002264,,,,45
300002265,,,,25
300002266,,,,33
300002267,,,,25
300002268,,,,18
300002269,,,,26
300002270,,,,35
300002271,,,,37
300002272,,,,22
300002273,,,,46
300002274,,,,25
300002275,,,,36
400002276,,,,27
400002277,,,,38
400002278,,,,33
400002279,,,,29
400002280,,,,29
100002281,,,,49
100002282,,,,32
100002283,,,,38
100002284,,,,29
100002285,,,,31
100002286,,,,28
100002287,,,,36
100002288,,,,51
200002289,,,,42
200002290,,,,45
200002291,,,,36
200002292,,,,53
200002293,,,,49
200002294,,,,41
200002295,,,,52
200002296,,,,45
300002297,,,,30
300002298,,,,37
400002299,,,,37
100002300,,,,34
100002301,,,,36
100002302,,,,28
100002303,,,,45
100002304,,,,51
100002305,,,,34
100002306,,,,31
100002307,,,,43
200002308,,,,49
200002309,,,,45
200002310,,,,48
200002311,,,,64
200002312,,,,53
200002313,,,,45
300002314,,,,20
300002315,,,,35
300002316,,,,34
400002317,,,,19
400002318,,,,31
400002319,,,,40
100002320,,,,27
100002321,,,,46
100002322,,,,43
100002323,,,,40
100002324,,,,37
100002325,,,,45
100002326,,,,45
100002327,,,,31
100002328,,,,37
200002329,,,,53
200002330,,,,58
200002331,,,,52
200002332,,,,54
200002333,,,,50
300002334,,,,33
300002335,,,,36
300002336,,,,27
400002337,,,,40
100002338,,,,40
100002339,,,,31
100002340,,,,37
100002341,,,,41
100002342,,,,30
100002343,,,,31
100002344,,,,22
100002345,,,,45
100002346,,,,29
100002347,,,,50
100002348,,,,41
200002349,,,,59
200002350,,,,47
200002351,,,,55
200002352,,,,37
200002353,,,,64
200002354,,,,45
200002355,,,,38
200002356,,,,59
200002357,,,,58
200002358,,,,61
300002359,,,,32
400002360,,,,35
400002361,,,,41
100002362,,,,33
100002363,,,,30
100002364,,,,35
100002365,,,,49
100002366,,,,31
100002367,,,,34
100002368,,,,37
100002369,,,,26
100002370,,,,32
100002371,,,,33
100002372,,,,26
100002373,,,,34
200002374,,,,38
200002375,,,,45
200002376,,,,43
200002377,,,,46
200002378,,,,58
200002379,,,,43
300002380,,,,39
400002381,,,,43
400002382,,,,24
400002383,,,,24
100002384,,,,33
100002385,,,,28
100002386,,,,46
100002387,,,,29
100002388,,,,38
100002389,,,,45
100002390,,,,45
100002391,,,,29
100002392,,,,30
200002393,,,,40
200002394,,,,44
200002395,,,,45
200002396,,,,57
200002397,,,,50
200002398,,,,55
200002399,,,,57
300002400,,,,36
400002401,,,,21
100002402,,,,47
100002403,,,,33
100002404,,,,43
100002405,,,,34
100002406,,,,32
100002407,,,,34
100002408,,,,29
200002409,,,,53
200002410,,,,52
200002411,,,,56
200002412,,,,54
200002413,,,,51
100002414,,,,37
100002415,,,,41
100002416,,,,32
100002417,,,,34
100002418,,,,38
100002419,,,,33
100002420,,,,42
100002421,,,,28
100002422,,,,28
100002423,,,,33
100002424,,,,41
100002425,,,,31
200002426,,,,48
200002427,,,,40
300002428,,,,36
100002429,,,,43
100002430,,,,36
100002431,,,,40
100002432,,,,43
100002433,,,,45
100002434,,,,32
100002435,,,,36
100002436,,,,40
100002437,,,,33
100002438,,,,30
100002439,,,,42
100002440,,,,28
200002441,,,,26
200002442,,,,52
200002443,,,,58
200002444,,,,47
200002445,,,,48
200002446,,,,50
200002447,,,,58
300002448,,,,41
100002449,,,,27
100002450,,,,42
100002451,,,,41
100002452,,,,25
100002453,,,,34
100002454,,,,47
100002455,,,,28
100002456,,,,44
100002457,,,,39
100002458,,,,38
100002459,,,,37
100002460,,,,22
100002461,,,,34
200002462,,,,49
200002463,,,,53
100002464,,,,36
100002465,,,,34
100002466,,,,27
100002467,,,,35
100002468,,,,42
100002469,,,,22
200002470,,,,61
300002471,,,,44
400002472,,,,46
100002473,,,,31
100002474,,,,22
100002475,,,,25
100002476,,,,47
100002477,,,,26
100002478,,,,38
100002479,,,,37
100002480,,,,27
100002481,,,,25
100002482,,,,20
200002483,,,,45
200002484,,,,50
200002485,,,,53
200002486,,,,52
200002487,,,,58
300002488,,,,42
300002489,,,,37
300002490,,,,31
300002491,,,,24
300002492,,,,36
100002493,,,,43
100002494,,,,38
100002495,,,,30
100002496,,,,37
100002497,,,,36
100002498,,,,30
200002499,,,,32
200002500,,,,56
200002501,,,,59
300002502,,,,26
100002503,,,,28
100002504,,,,35
100002505,,,,46
100002506,,,,41
100002507,,,,42
100002508,,,,42
100002509,,,,30
100002510,,,,37
100002511,,,,37
100002512,,,,41
100002513,,,,31
200002514,,,,62
200002515,,,,46
200002516,,,,54
200002517,,,,60
200002518,,,,44
200002519,,,,52
300002520,,,,44
400002521,,,,20
400002522,,,,40
100002523,,,,40
100002524,,,,31
100002525,,,,33
100002526,,,,34
100002527,,,,27
100002528,,,,34
100002529,,,,36
100002530,,,,39
100002531,,,,38
100002532,,,,30
200002533,,,,47
200002534,,,,52
200002535,,,,60
200002536,,,,54
300002537,,,,39
300002538,,,,38
300002539,,,,35
400002540,,,,30
400002541,,,,31
100002542,,,,37
100002543,,,,19
100002544,,,,33
100002545,,,,36
100002546,,,,48
100002547,,,,25
200002548,,,,52
300002549,,,,39
400002550,,,,23
400002551,,,,43
100002552,,,,24
100002553,,,,31
100002554,,,,24
100002555,,,,31
100002556,,,,29
100002557,,,,25
100002558,,,,30
100002559,,,,32
100002560,,,,29
100002561,,,,21
100002562,,,,48
200002563,,,,59
200002564,,,,54
200002565,,,,50
300002566,,,,30
300002567,,,,46
300002568,,,,27
400002569,,,,28
100002570,,,,39
100002571,,,,41
100002572,,,,32
100002573,,,,32
100002574,,,,34
100002575,,,,31
100002576,,,,39
100002577,,,,37
100002578,,,,40
200002579,,,,46
200002580,,,,61
200002581,,,,44
300002582,,,,23
300002583,,,,36
300002584,,,,32
400002585,,,,29
100002586,,,,43
100002587,,,,33
100002588,,,,39
100002589,,,,41
100002590,,,,35
100002591,,,,30
100002592,,,,34
100002593,,,,35
100002594,,,,34
100002595,,,,24
100002596,,,,32
200002597,,,,43
200002598,,,,52
200002599,,,,51
200002600,,,,55
200002601,,,,58
200002602,,,,44
300002603,,,,33
300002604,,,,31
400002605,,,,22
100002606,,,,29
100002607,,,,25
100002608,,,,38
100002609,,,,40
100002610,,,,40
100002611,,,,38
100002612,,,,28
200002613,,,,60
200002614,,,,44
300002615,,,,31
300002616,,,,36
300002617,,,,35
400002618,,,,28
100002619,,,,35
100002620,,,,31
100002621,,,,43
100002622,,,,29
100002623,,,,45
100002624,,,,38
100002625,,,,33
100002626,,,,35
100002627,,,,47
100002628,,,,46
100002629,,,,24
200002630,,,,54
200002631,,,,46
200002632,,,,41
200002633,,,,51
200002634,,,,57
300002635,,,,41
300002636,,,,38
300002637,,,,39
400002638,,,,15
100002639,,,,22
100002640,,,,42
100002641,,,,40
100002642,,,,38
100002643,,,,28
100002644,,,,36
100002645,,,,39
100002646,,,,37
100002647,,,,39
200002648,,,,51
200002649,,,,44
200002650,,,,50
200002651,,,,47
200002652,,,,50
200002653,,,,52
300002654,,,,35
300002655,,,,37
100002656,,,,43
100002657,,,,31
100002658,,,,37
100002659,,,,45
100002660,,,,42
100002661,,,,30
100002662,,,,25
100002663,,,,46
200002664,,,,42
200002665,,,,52
200002666,,,,46
200002667,,,,59
200002668,,,,47
300002669,,,,18
300002670,,,,42
100002671,,,,38
100002672,,,,35
100002673,,,,50
100002674,,,,40
100002675,,,,47
100002676,,,,29
100002677,,,,38
100002678,,,,35
100002679,,,,46
100002680,,,,27
100002681,,,,34
100002682,,,,25
100002683,,,,36
100002684,,,,46
200002685,,,,49
200002686,,,,57
200002687,,,,50
200002688,,,,50
300002689,,,,31
300002690,,,,44
400002691,,,,42
100002692,,,,39
100002693,,,,35
100002694,,,,34
200002695,,,,57
200002696,,,,43
200002697,,,,47
400002698,,,,25
400002699,,,,61
100002700,,,,35
100002701,,,,23
100002702,,,,34
100002703,,,,38
100002704,,,,45
100002705,,,,34
100002706,,,,24
100002707,,,,49
100002708,,,,32
200002709,,,,53
200002710,,,,45
200002711,,,,47
200002712,,,,55
300002713,,,,35
300002714,,,,35
300002715,,,,33
400002716,,,,31
400002717,,,,31
100002718,,,,28
100002719,,,,45
100002720,,,,38
100002721,,,,33
100002722,,,,46
100002723,,,,33
100002724,,,,33
200002725,,,,55
300002726,,,,41
300002727,,,,34
300002728,,,,47
300002729,,,,33
300002730,,,,36
100002731,,,,36
100002732,,,,32
100002733,,,,54
100002734,,,,40
100002735,,,,27
100002736,,,,34
100002737,,,,35
100002738,,,,32
100002739,,,,40
100002740,,,,30
100002741,,,,38
100002742,,,,30
100002743,,,,38
200002744,,,,43
200002745,,,,52
300002746,,,,40
300002747,,,,30
100002748,,,,29
100002749,,,,28
100002750,,,,38
100002751,,,,35
200002752,,,,57
200002753,,,,64
200002754,,,,37
200002755,,,,53
300002756,,,,40
300002757,,,,41
300002758,,,,36
300002759,,,,37
300002760,,,,39
300002761,,,,29
400002762,,,,23
100002763,,,,33
100002764,,,,44
100002765,,,,32
100002766,,,,28
100002767,,,,29
100002768,,,,48
100002769,,,,38
100002770,,,,35
100002771,,,,27
100002772,,,,38
200002773,,,,64
200002774,,,,43
200002775,,,,50
200002776,,,,53
200002777,,,,59
200002778,,,,43
300002779,,,,39
300002780,,,,22
100002781,,,,40
100002782,,,,20
100002783,,,,33
100002784,,,,30
100002785,,,,26
100002786,,,,32
100002787,,,,41
200002788,,,,53
200002789,,,,45
200002790,,,,58
200002791,,,,59
300002792,,,,40
300002793,,,,26
100002794,,,,45
100002795,,,,31
100002796,,,,27
100002797,,,,29
100002798,,,,29
100002799,,,,21
100002800,,,,45
100002801,,,,30
100002802,,,,23
100002803,,,,30
100002804,,,,44
100002805,,,,31
100002806,,,,37
100002807,,,,32
100002808,,,,37
100002809,,,,34
100002810,,,,37
100002811,,,,48
100002812,,,,22
100002813,,,,39
100002814,,,,29
100002815,,,,30
100002816,,,,26
100002817,,,,32
100002818,,,,61
100002819,,,,37
100002820,,,,28
100002821,,,,35
100002822,,,,36
100002823,,,,41
100002824,,,,38
100002825,,,,29
100002826,,,,29
100002827,,,,37
100002828,,,,27
200002829,,,,55
200002830,,,,39
200002831,,,,34
200002832,,,,52
200002833,,,,45
200002834,,,,46
200002835,,,,58
200002836,,,,60
200002837,,,,52
200002838,,,,42
200002839,,,,50
300002840,,,,35
300002841,,,,36
300002842,,,,28
300002843,,,,27
400002844,,,,34
400002845,,,,32
400002846,,,,32
100002847,,,,18
100002848,,,,46
100002849,,,,51
100002850,,,,38
100002851,,,,33
100002852,,,,35
200002853,,,,48
300002854,,,,21
300002855,,,,32
300002856,,,,40
300002857,,,,36
400002858,,,,18
100002859,,,,39
100002860,,,,38
100002861,,,,39
100002862,,,,35
100002863,,,,36
100002864,,,,30
100002865,,,,35
100002866,,,,41
100002867,,,,30
100002868,,,,36
100002869,,,,31
100002870,,,,32
100002871,,,,35
200002872,,,,38
200002873,,,,49
300002874,,,,25
100002875,,,,59
100002876,,,,19
100002877,,,,36
100002878,,,,36
100002879,,,,39
100002880,,,,48
100002881,,,,42
100002882,,,,30
100002883,,,,35
100002884,,,,37
100002885,,,,53
100002886,,,,30
100002887,,,,34
100002888,,,,39
100002889,,,,34
100002890,,,,31
100002891,,,,39
100002892,,,,37
100002893,,,,45
100002894,,,,36
200002895,,,,37
200002896,,,,57
200002897,,,,43
200002898,,,,51
200002899,,,,34
200002900,,,,60
200002901,,,,57
200002902,,,,38
200002903,,,,53
300002904,,,,27
300002905,,,,43
300002906,,,,31
400002907,,,,30
400002908,,,,32
100002909,,,,35
100002910,,,,32
100002911,,,,37
100002912,,,,31
100002913,,,,32
100002914,,,,33
100002915,,,,23
100002916,,,,25
100002917,,,,33
100002918,,,,31
100002919,,,,33
200002920,,,,43
200002921,,,,34
200002922,,,,59
200002923,,,,45
200002924,,,,52
200002925,,,,47
200002926,,,,47
300002927,,,,34
400002928,,,,29
100002929,,,,32
100002930,,,,38
100002931,,,,31
100002932,,,,32
100002933,,,,32
100002934,,,,36
100002935,,,,36
100002936,,,,42
100002937,,,,28
100002938,,,,40
100002939,,,,35
100002940,,,,33
100002941,,,,50
200002942,,,,52
200002943,,,,44
200002944,,,,55
200002945,,,,55
300002946,,,,45
100002947,,,,49
100002948,,,,36
100002949,,,,38
100002950,,,,33
100002951,,,,36
100002952,,,,30
100002953,,,,52
100002954,,,,42
100002955,,,,36
100002956,,,,36
100002957,,,,47
100002958,,,,31
100002959,,,,28
100002960,,,,29
100002961,,,,28
100002962,,,,34
100002963,,,,37
100002964,,,,37
100002965,,,,37
100002966,,,,41
100002967,,,,38
100002968,,,,33
100002969,,,,43
100002970,,,,24
100002971,,,,25
200002972,,,,59
200002973,,,,48
200002974,,,,37
200002975,,,,52
200002976,,,,56
200002977,,,,45
200002978,,,,52
200002979,,,,57
400002980,,,,31
100002981,,,,23
100002982,,,,46
100002983,,,,24
100002984,,,,34
100002985,,,,37
100002986,,,,18
200002987,,,,48
200002988,,,,58
200002989,,,,52
200002990,,,,31
200002991,,,,54
100002992,,,,18
100002993,,,,37
100002994,,,,35
100002995,,,,29
100002996,,,,44
100002997,,,,31
100002998,,,,30
100002999,,,,32
100003000,,,,30
100003001,,,,47
100003002,,,,23
200003003,,,,54
200003004,,,,51
200003005,,,,39
300003006,,,,34
300003007,,,,43
300003008,,,,43
400003009,,,,31
100003010,,,,56
100003011,,,,41
100003012,,,,32
200003013,,,,49
200003014,,,,60
300003015,,,,18
100003016,,,,36
100003017,,,,30
100003018,,,,26
100003019,,,,42
100003020,,,,30
100003021,,,,43
100003022,,,,27
100003023,,,,37
100003024,,,,41
100003025,,,,37
100003026,,,,25
100003027,,,,32
100003028,,,,35
200003029,,,,33
200003030,,,,44
200003031,,,,40
200003032,,,,44
200003033,,,,45
300003034,,,,28
300003035,,,,40
400003036,,,,39
400003037,,,,42
100003038,,,,38
100003039,,,,28
100003040,,,,29
100003041,,,,34
200003042,,,,61
200003043,,,,49
200003044,,,,43
100003045,,,,32
100003046,,,,26
100003047,,,,33
100003048,,,,46
100003049,,,,35
100003050,,,,48
100003051,,,,39
200003052,,,,51
200003053,,,,39
200003054,,,,56
200003055,,,,36
100003056,,,,33
100003057,,,,43
100003058,,,,44
100003059,,,,24
100003060,,,,31
100003061,,,,25
100003062,,,,39
100003063,,,,24
100003064,,,,43
100003065,,,,32
100003066,,,,27
200003067,,,,51
200003068,,,,48
200003069,,,,52
200003070,,,,40
200003071,,,,49
200003072,,,,31
300003073,,,,31
300003074,,,,38
300003075,,,,27
100003076,,,,29
100003077,,,,47
100003078,,,,23
100003079,,,,29
100003080,,,,37
100003081,,,,35
100003082,,,,35
100003083,,,,30
200003084,,,,46
200003085,,,,43
200003086,,,,42
200003087,,,,28
200003088,,,,51
200003089,,,,56
300003090,,,,50
100003091,,,,23
100003092,,,,30
100003093,,,,34
100003094,,,,23
100003095,,,,34
100003096,,,,26
100003097,,,,24
200003098,,,,50
200003099,,,,40
200003100,,,,61
200003101,,,,53
200003102,,,,61
200003103,,,,61
300003104,,,,42
300003105,,,,31
300003106,,,,32
100003107,,,,42
100003108,,,,27
100003109,,,,38
100003110,,,,45
100003111,,,,33
100003112,,,,30
100003113,,,,25
100003114,,,,34
100003115,,,,34
100003116,,,,35
100003117,,,,32
200003118,,,,58
200003119,,,,39
200003120,,,,53
200003121,,,,27
200003122,,,,45
200003123,,,,52
200003124,,,,51
200003125,,,,60
200003126,,,,58
200003127,,,,45
200003128,,,,49
300003129,,,,25
300003130,,,,34
300003131,,,,44
300003132,,,,46
100003133,,,,46
100003134,,,,39
100003135,,,,29
100003136,,,,32
100003137,,,,34
200003138,,,,41
200003139,,,,58
200003140,,,,32
200003141,,,,18
300003142,,,,40
300003143,,,,39
300003144,,,,41
100003145,,,,29
100003146,,,,44
100003147,,,,37
100003148,,,,32
100003149,,,,38
100003150,,,,32
100003151,,,,38
200003152,,,,51
200003153,,,,51
200003154,,,,49
200003155,,,,56
300003156,,,,42
300003157,,,,35
300003158,,,,42
100003159,,,,27
100003160,,,,33
100003161,,,,44
100003162,,,,29
100003163,,,,23
100003164,,,,37
100003165,,,,31
100003166,,,,25
100003167,,,,41
100003168,,,,40
100003169,,,,35
100003170,,,,41
100003171,,,,25
100003172,,,,43
100003173,,,,39
100003174,,,,36
100003175,,,,32
200003176,,,,52
200003177,,,,55
200003178,,,,55
200003179,,,,51
200003180,,,,49
200003181,,,,58
200003182,,,,49
200003183,,,,30
200003184,,,,48
300003185,,,,39
300003186,,,,27
300003187,,,,31
300003188,,,,47
100003189,,,,48
100003190,,,,44
100003191,,,,31
100003192,,,,27
100003193,,,,36
100003194,,,,29
100003195,,,,35
100003196,,,,28
100003197,,,,31
100003198,,,,29
100003199,,,,32
300003200,,,,37
300003201,,,,26
100003202,,,,40
100003203,,,,37
100003204,,,,29
100003205,,,,40
100003206,,,,35
100003207,,,,31
100003208,,,,35
100003209,,,,24
100003210,,,,50
100003211,,,,44
100003212,,,,38
100003213,,,,45
200003214,,,,58
200003215,,,,59
100003216,,,,32
100003217,,,,36
100003218,,,,24
100003219,,,,31
100003220,,,,30
100003221,,,,37
100003222,,,,41
100003223,,,,45
100003224,,,,35
100003225,,,,31
100003226,,,,39
100003227,,,,43
100003228,,,,27
100003229,,,,37
100003230,,,,39
100003231,,,,42
100003232,,,,29
100003233,,,,39
100003234,,,,43
100003235,,,,26
100003236,,,,37
100003237,,,,26
200003238,,,,43
200003239,,,,56
200003240,,,,57
200003241,,,,37
200003242,,,,39
200003243,,,,46
200003244,,,,56
200003245,,,,44
300003246,,,,45
300003247,,,,28
300003248,,,,30
100003249,,,,43
100003250,,,,34
100003251,,,,34
100003252,,,,41
100003253,,,,32
100003254,,,,38
300003255,,,,34
300003256,,,,40
100003257,,,,27
100003258,,,,42
100003259,,,,37
200003260,,,,51
200003261,,,,43
300003262,,,,28
300003263,,,,30
300003264,,,,39
300003265,,,,29
100003266,,,,34
100003267,,,,36
100003268,,,,36
100003269,,,,32
100003270,,,,37
100003271,,,,32
100003272,,,,41
100003273,,,,39
100003274,,,,27
200003275,,,,47
100003276,,,,39
100003277,,,,42
100003278,,,,21
100003279,,,,36
100003280,,,,35
100003281,,,,27
100003282,,,,43
100003283,,,,38
100003284,,,,35
100003285,,,,49
100003286,,,,38
100003287,,,,32
100003288,,,,37
200003289,,,,50
200003290,,,,43
200003291,,,,42
200003292,,,,51
200003293,,,,47
200003294,,,,55
200003295,,,,51
200003296,,,,26
200003297,,,,54
200003298,,,,53
300003299,,,,34
100003300,,,,38
100003301,,,,46
100003302,,,,36
100003303,,,,47
100003304,,,,28
200003305,,,,45
200003306,,,,35
100003307,,,,53
100003308,,,,31
100003309,,,,43
100003310,,,,28
100003311,,,,43
100003312,,,,32
100003313,,,,30
100003314,,,,32
100003315,,,,29
100003316,,,,30
100003317,,,,41
200003318,,,,50
300003319,,,,22
300003320,,,,27
400003321,,,,27
100003322,,,,47
100003323,,,,32
100003324,,,,35
100003325,,,,35
100003326,,,,35
100003327,,,,36
100003328,,,,50
100003329,,,,32
100003330,,,,40
100003331,,,,44
100003332,,,,21
100003333,,,,37
100003334,,,,39
100003335,,,,30
200003336,,,,53
200003337,,,,48
200003338,,,,60
200003339,,,,55
200003340,,,,59
200003341,,,,46
300003342,,,,28
300003343,,,,35
300003344,,,,35
100003345,,,,38
100003346,,,,37
100003347,,,,24
100003348,,,,40
100003349,,,,41
100003350,,,,34
200003351,,,,54
200003352,,,,43
200003353,,,,55
200003354,,,,48
300003355,,,,47
300003356,,,,42
300003357,,,,36
100003358,,,,36
100003359,,,,22
100003360,,,,32
100003361,,,,34
100003362,,,,45
100003363,,,,42
100003364,,,,35
100003365,,,,29
200003366,,,,44
200003367,,,,47
300003368,,,,28
300003369,,,,41
400003370,,,,20
100003371,,,,39
100003372,,,,42
100003373,,,,41
100003374,,,,42
100003375,,,,28
100003376,,,,25
100003377,,,,29
100003378,,,,31
100003379,,,,34
100003380,,,,20
100003381,,,,23
100003382,,,,41
100003383,,,,47
100003384,,,,47
100003385,,,,32
100003386,,,,54
100003387,,,,29
100003388,,,,35
100003389,,,,33
100003390,,,,35
100003391,,,,42
100003392,,,,33
100003393,,,,38
100003394,,,,25
100003395,,,,33
100003396,,,,44
100003397,,,,30
100003398,,,,41
200003399,,,,44
200003400,,,,52
200003401,,,,47
200003402,,,,47
200003403,,,,61
200003404,,,,49
200003405,,,,63
200003406,,,,32
200003407,,,,61
300003408,,,,30
300003409,,,,18
300003410,,,,31
300003411,,,,46
300003412,,,,39
300003413,,,,44
300003414,,,,33
400003415,,,,19
100003416,,,,35
100003417,,,,42
100003418,,,,37
100003419,,,,32
100003420,,,,50
100003421,,,,25
100003422,,,,25
100003423,,,,32
200003424,,,,50
200003425,,,,33
200003426,,,,53
200003427,,,,51
200003428,,,,61
300003429,,,,28
300003430,,,,29
300003431,,,,24
300003432,,,,40
300003433,,,,35
100003434,,,,33
100003435,,,,31
100003436,,,,36
100003437,,,,24
100003438,,,,32
200003439,,,,54
200003440,,,,61
200003441,,,,42
300003442,,,,34
400003443,,,,21
100003444,,,,25
100003445,,,,36
100003446,,,,18
100003447,,,,34
100003448,,,,31
100003449,,,,39
100003450,,,,35
100003451,,,,36
100003452,,,,40
100003453,,,,36
100003454,,,,32
100003455,,,,39
100003456,,,,38
100003457,,,,24
100003458,,,,45
200003459,,,,55
200003460,,,,51
200003461,,,,56
200003462,,,,44
200003463,,,,49
200003464,,,,58
300003465,,,,42
300003466,,,,44
300003467,,,,31
300003468,,,,41
300003469,,,,37
300003470,,,,41
300003471,,,,20
400003472,,,,34
100003473,,,,42
100003474,,,,45
100003475,,,,33
200003476,,,,42
200003477,,,,46
200003478,,,,43
300003479,,,,24
300003480,,,,44
100003481,,,,28
100003482,,,,34
100003483,,,,42
100003484,,,,33
100003485,,,,21
100003486,,,,40
100003487,,,,44
100003488,,,,44
100003489,,,,33
100003490,,,,29
100003491,,,,37
200003492,,,,57
200003493,,,,53
200003494,,,,48
200003495,,,,54
200003496,,,,43
300003497,,,,30
100003498,,,,36
100003499,,,,34
100003500,,,,29
100003501,,,,34
100003502,,,,49
100003503,,,,48
100003504,,,,29
100003505,,,,31
100003506,,,,41
100003507,,,,29
100003508,,,,42
100003509,,,,40
100003510,,,,18
100003511,,,,40
100003512,,,,33
100003513,,,,32
100003514,,,,31
100003515,,,,25
100003516,,,,34
100003517,,,,33
100003518,,,,28
100003519,,,,25
100003520,,,,28
200003521,,,,51
200003522,,,,52
200003523,,,,47
200003524,,,,42
200003525,,,,54
200003526,,,,52
200003527,,,,53
200003528,,,,41
200003529,,,,32
200003530,,,,27
200003531,,,,46
200003532,,,,47
200003533,,,,50
300003534,,,,18
300003535,,,,38
300003536,,,,30
100003537,,,,40
100003538,,,,37
100003539,,,,39
200003540,,,,57
200003541,,,,37
200003542,,,,35
200003543,,,,50
200003544,,,,57
200003545,,,,41
200003546,,,,56
200003547,,,,40
200003548,,,,51
300003549,,,,44
100003550,,,,40
100003551,,,,35
100003552,,,,36
100003553,,,,34
100003554,,,,32
100003555,,,,40
100003556,,,,36
100003557,,,,20
100003558,,,,34
200003559,,,,37
200003560,,,,42
200003561,,,,30
200003562,,,,48
200003563,,,,38
200003564,,,,58
200003565,,,,48
200003566,,,,46
200003567,,,,48
200003568,,,,41
300003569,,,,42
100003570,,,,31
100003571,,,,40
100003572,,,,32
100003573,,,,22
100003574,,,,40
100003575,,,,26
100003576,,,,27
100003577,,,,33
200003578,,,,35
200003579,,,,48
200003580,,,,61
200003581,,,,51
200003582,,,,49
200003583,,,,48
100003584,,,,36
100003585,,,,51
100003586,,,,31
100003587,,,,35
100003588,,,,28
100003589,,,,40
100003590,,,,34
100003591,,,,39
100003592,,,,41
100003593,,,,31
100003594,,,,42
100003595,,,,36
100003596,,,,31
100003597,,,,37
100003598,,,,33
100003599,,,,26
100003600,,,,39
100003601,,,,33
100003602,,,,27
100003603,,,,40
200003604,,,,46
200003605,,,,49
200003606,,,,60
200003607,,,,46
200003608,,,,57
200003609,,,,39
200003610,,,,33
200003611,,,,48
200003612,,,,56
100003613,,,,34
100003614,,,,42
100003615,,,,36
100003616,,,,41
200003617,,,,45
200003618,,,,49
200003619,,,,48
200003620,,,,44
100003621,,,,28
100003622,,,,26
200003623,,,,54
200003624,,,,48
200003625,,,,43
200003626,,,,52
100003627,,,,30
100003628,,,,33
100003629,,,,21
100003630,,,,31
100003631,,,,43
100003632,,,,38
100003633,,,,48
100003634,,,,49
100003635,,,,44
100003636,,,,23
100003637,,,,31
100003638,,,,40
100003639,,,,31
100003640,,,,35
100003641,,,,34
100003642,,,,26
100003643,,,,27
100003644,,,,31
200003645,,,,52
200003646,,,,58
200003647,,,,47
200003648,,,,40
200003649,,,,53
200003650,,,,51
200003651,,,,63
200003652,,,,49
200003653,,,,54
300003654,,,,42
300003655,,,,41
300003656,,,,29
300003657,,,,38
100003658,,,,35
100003659,,,,44
100003660,,,,24
200003661,,,,20
200003662,,,,50
200003663,,,,47
300003664,,,,41
100003665,,,,46
100003666,,,,41
100003667,,,,42
100003668,,,,36
100003669,,,,36
100003670,,,,37
100003671,,,,32
100003672,,,,24
100003673,,,,34
200003674,,,,54
200003675,,,,44
200003676,,,,57
200003677,,,,64
300003678,,,,34
300003679,,,,39
100003680,,,,42
100003681,,,,35
100003682,,,,28
100003683,,,,33
100003684,,,,36
100003685,,,,27
100003686,,,,28
100003687,,,,33
100003688,,,,31
100003689,,,,36
100003690,,,,29
200003691,,,,53
200003692,,,,52
200003693,,,,37
200003694,,,,39
200003695,,,,49
200003696,,,,48
200003697,,,,52
200003698,,,,50
200003699,,,,48
200003700,,,,54
200003701,,,,53
200003702,,,,47
200003703,,,,28
300003704,,,,35
300003705,,,,39
300003706,,,,34
300003707,,,,35
100003708,,,,47
100003709,,,,24
100003710,,,,25
100003711,,,,39
100003712,,,,41
100003713,,,,35
100003714,,,,28
100003715,,,,36
100003716,,,,36
200003717,,,,38
200003718,,,,38
200003719,,,,48
200003720,,,,49
200003721,,,,57
200003722,,,,37
200003723,,,,61
300003724,,,,46
300003725,,,,36
300003726,,,,38
100003727,,,,31
100003728,,,,35
100003729,,,,33
100003730,,,,40
100003731,,,,42
100003732,,,,34
100003733,,,,28
100003734,,,,43
100003735,,,,32
100003736,,,,33
100003737,,,,34
100003738,,,,24
200003739,,,,57
200003740,,,,42
200003741,,,,49
300003742,,,,22
400003743,,,,19
100003744,,,,36
100003745,,,,26
100003746,,,,35
100003747,,,,37
100003748,,,,38
100003749,,,,45
100003750,,,,29
100003751,,,,37
100003752,,,,33
100003753,,,,30
100003754,,,,36
100003755,,,,45
100003756,,,,45
100003757,,,,38
100003758,,,,30
100003759,,,,34
100003760,,,,27
100003761,,,,33
100003762,,,,35
100003763,,,,44
100003764,,,,34
100003765,,,,33
200003766,,,,60
200003767,,,,40
200003768,,,,56
200003769,,,,61
200003770,,,,55
200003771,,,,25
200003772,,,,53
200003773,,,,43
200003774,,,,51
300003775,,,,29
300003776,,,,37
300003777,,,,36
300003778,,,,45
300003779,,,,32
100003780,,,,36
100003781,,,,32
100003782,,,,32
100003783,,,,32
100003784,,,,40
100003785,,,,26
100003786,,,,35
100003787,,,,32
100003788,,,,29
100003789,,,,25
200003790,,,,49
200003791,,,,49
200003792,,,,54
200003793,,,,55
200003794,,,,60
200003795,,,,48
200003796,,,,48
100003797,,,,39
100003798,,,,31
100003799,,,,36
100003800,,,,32
200003801,,,,54
200003802,,,,46
200003803,,,,44
300003804,,,,34
100003805,,,,36
100003806,,,,22
100003807,,,,23
100003808,,,,35
100003809,,,,37
100003810,,,,23
100003811,,,,30
100003812,,,,32
100003813,,,,48
100003814,,,,29
100003815,,,,36
100003816,,,,37
100003817,,,,29
100003818,,,,46
100003819,,,,40
100003820,,,,39
200003821,,,,45
200003822,,,,53
200003823,,,,42
200003824,,,,42
200003825,,,,58
300003826,,,,33
300003827,,,,28
100003828,,,,42
100003829,,,,34
100003830,,,,24
100003831,,,,36
100003832,,,,44
100003833,,,,34
100003834,,,,28
100003835,,,,27
100003836,,,,34
100003837,,,,31
100003838,,,,36
200003839,,,,49
200003840,,,,46
200003841,,,,46
200003842,,,,54
200003843,,,,39
200003844,,,,42
300003845,,,,34
300003846,,,,35
400003847,,,,34
400003848,,,,52
100003849,,,,32
100003850,,,,38
100003851,,,,26
100003852,,,,34
100003853,,,,28
100003854,,,,22
100003855,,,,27
100003856,,,,37
200003857,,,,50
200003858,,,,43
200003859,,,,33
200003860,,,,61
200003861,,,,56
200003862,,,,42
200003863,,,,54
300003864,,,,37
100003865,,,,36
100003866,,,,38
100003867,,,,30
100003868,,,,37
100003869,,,,27
200003870,,,,60
200003871,,,,44
300003872,,,,45
100003873,,,,38
100003874,,,,34
100003875,,,,37
100003876,,,,26
100003877,,,,29
100003878,,,,25
100003879,,,,36
100003880,,,,21
100003881,,,,36
100003882,,,,35
100003883,,,,38
100003884,,,,30
100003885,,,,29
100003886,,,,33
100003887,,,,38
100003888,,,,31
100003889,,,,36
100003890,,,,40
100003891,,,,37
100003892,,,,35
100003893,,,,20
100003894,,,,38
100003895,,,,38
100003896,,,,31
200003897,,,,48
200003898,,,,58
200003899,,,,53
200003900,,,,30
200003901,,,,45
200003902,,,,56
200003903,,,,37
200003904,,,,57
200003905,,,,44
200003906,,,,58
200003907,,,,56
300003908,,,,28
300003909,,,,37
300003910,,,,24
300003911,,,,36
300003912,,,,38
100003913,,,,29
100003914,,,,37
100003915,,,,29
100003916,,,,39
100003917,,,,29
100003918,,,,33
100003919,,,,33
100003920,,,,42
100003921,,,,37
100003922,,,,36
200003923,,,,53
200003924,,,,34
200003925,,,,54
200003926,,,,41
100003927,,,,40
100003928,,,,49
100003929,,,,32
100003930,,,,34
100003931,,,,36
100003932,,,,31
100003933,,,,34
100003934,,,,33
100003935,,,,36
200003936,,,,51
200003937,,,,49
200003938,,,,48
200003939,,,,39
200003940,,,,59
200003941,,,,59
100003942,,,,37
100003943,,,,50
100003944,,,,27
100003945,,,,41
100003946,,,,43
100003947,,,,46
100003948,,,,18
100003949,,,,23
100003950,,,,44
100003951,,,,30
100003952,,,,36
200003953,,,,52
200003954,,,,56
200003955,,,,53
300003956,,,,34
300003957,,,,30
100003958,,,,42
100003959,,,,43
100003960,,,,33
100003961,,,,48
100003962,,,,32
100003963,,,,40
100003964,,,,43
100003965,,,,46
100003966,,,,21
100003967,,,,23
200003968,,,,51
200003969,,,,37
200003970,,,,58
200003971,,,,52
200003972,,,,42
300003973,,,,29
100003974,,,,31
100003975,,,,37
100003976,,,,36
100003977,,,,35
100003978,,,,35
200003979,,,,49
200003980,,,,44
200003981,,,,43
200003982,,,,54
300003983,,,,29
100003984,,,,25
100003985,,,,38
100003986,,,,44
100003987,,,,35
100003988,,,,30
100003989,,,,26
100003990,,,,41
100003991,,,,30
100003992,,,,18
100003993,,,,29
100003994,,,,41
100003995,,,,35
200003996,,,,55
200003997,,,,53
200003998,,,,44
200003999,,,,50
300004000,,,,40
300004001,,,,34
300004002,,,,30
100004003,,,,46
100004004,,,,28
100004005,,,,45
100004006,,,,44
100004007,,,,34
100004008,,,,28
200004009,,,,64
200004010,,,,64
200004011,,,,52
200004012,,,,50
200004013,,,,51
300004014,,,,33
